id,description,timestamp
1,Início da Guerra da Sucessão Espanhola,-8488788812.0
2,Frederico I torna-se no primeiro Rei da Prússia,-8488788812.0
3,Fundação da Universidade de Yale.,-8488788812.0
4,"Fim do reinado de Gedun Chomphel, Desi Druk do reino do Butão.",-8488788812.0
5,"Inicio do reinado de Ngawang Tshering, Desi Druk do reino do Butão.",-8488788812.0
6,Início da Guerra da Rainha Ana,-8457252812.0
7,Francisco de São Jerônimo é nomeado bispo do Rio de Janeiro,-8457252812.0
8,António Coelho Guerreiro é nomeado primeiro governador de Timor,-8457252812.0
9,"Fundação do arraial do Serro Frio, em Minas Gerais, Brasil",-8457252812.0
10,"Construção da Ermida de Jesus Maria e José, no lugar da Várzea, ilha de São Miguel, Açores.",-8457252812.0
11,a Intendência das Minas.,-8457252812.0
12,"Naufrágio da fragata francesa ''''Fla Orbanne'''', nos baixios da Baía de Angra. Este acidente deixou informações nos livros de óbitos da freguesia da Sé, aquando da inumação dos náufragos dados à costa da cidade.  Affaires Etrangères, B1.652, Fº 64.",-8427617612.0
13,"Iniciada a mineração, o rei de Portugal criou a Intendência das Minas, órgão encarregado de controlar a exploração de ouro, cobrar impostos e julgar os crimes praticados na região.",-8427617612.0
14,"Epidemia de febre amarela assola a cidade de Nova Iorque, dizimando 10% de sua população.",-8427617612.0
15,"Construção da Ermida de Santa Margarida de Chaves, Rosto de Cão, ilha de São Miguel, Açores.",-8425716812.0
16,"É criado o jornal diário Wiener Zeitung,até então chamado de Wiennerisches Diarium.",-8406795212.0
17,Portugal e Inglaterra assinaram o Tratado de Methuen.,-8394612812.0
18,Portugal e Inglaterra assinaram o Tratado de Methuen.,-8394612812.0
19,"Fim do reinado de Ngawang Tshering, Desi Druk do reino do Butão.",-8394180812.0
20,"Inicio do reinado de Umdze Peljor, Desi Druk do reino do Butão.",-8394180812.0
21,"Surto epidémico na ilha do Faial, Açores que causa muitas mortes.",-8394180812.0
22,"Publicado o primeiro jornal regular das Treze Colônias em Boston, chamado ''The Boston News-Letter''.",-8384331212.0
23,"Batalha de Blenheim, entre as tropas anglo-austríacas e as franco-bávaras",-8374740812.0
24,"Uma força Anglo-Neerlandesa, liderada por Sir George Rooke, Captura Gibraltar a Espanha",-8374740812.0
25,"Fundação da cidade histórica de Santa Bárbara, no interior de Minas Gerais.",-8364977612.0
26,"É publicado pela primeira vez ''Corografia Portuguesa'', um compêndio de notícias sobre as localidades portuguesas, editado por António Carvalho da Costa.",-8331022412.0
27,"Construção da Capela do Senhor Jesus dos Aflitos, na Sé Catedral de Angra do Heroísmo, capela que provêm do primeiro templo fundado por Diogo Álvares Vieira e sua mulher Beatriz Anes Camacho. Nesta capela encontra-se a pedra tumular de Francisco Dias do Carvalhal, seu instituidor. ampamp Desdobrável ampquotBem vindos à Catedral de Angra - ilha Terceira – Açores”. Ed. da Sé Catedral de Angra. Tip. Moderna - Angra do Heroísmo ampamp",-8331022412.0
28,"Naufrágio da embarcação de nome ''Sumaca'', conhecida também como ''Balandra York'', naufragada na Baía da Calheta, ilha de São Jorge, Açores, com uma carga de pau brasil e tabaco.",-8302424012.0
29,sobe ao trono português D. João V.,-8299486412.0
30,"Começa a Guerra dos Emboabas, em Minas Gerais, Brasil.",-8299486412.0
31,"Fim do reinado de Umdze Peljor, Desi Druk do reino do Butão.",-8299486412.0
32,"Inicio do reinado de Druk Rabgye, Desi Druk do Reino do Butão.",-8299486412.0
33,"uma esquadra naval, comandada pelo pirata Francês René Duguay-Trouin formada por 8 naus de linha e 3 navios Corsários de grossa artilharia, atacam as Velas, não tendo no entanto conseguido entrar no Porto de Velas defendido pelo Sargento Mor Amaro Teixeira de Sousa.",-8245313612.0
34,"O ataque logrado a 19 de mesmo mês inicia-se de novo com uma esquadra naval, comandada pelo francês Duguay-Trouin constituída por 8 naus de linha e 3 navios corsários de grossa artilharia à Vila das Velas, ilha de São Jorge, Açores. À segunda tentativa lançaram em terra mais de 500 homens que saquearam as igrejas e casas da referida vila.",-8245227212.0
35,"1708 - O Forte de São Sebastião com o apoio da artilharia da Fortaleza de São João Baptista, impediu a armada de René Duguay-Trouin, de atacar Angra do Heroísmo, como atacou as Velas, na Ilha de São Jorge.",-8245227212.0
36,Novembro - Massacre de Ouro Preto. Começa a Guerra dos Emboabas nas Minas Gerais.,-8245227212.0
37,Casamento do rei João V de Portugal com a arquiduquesa Maria Ana de Áustria,-8242030412.0
38,"Doação da capitania da ilha Graciosa, Açores a D. Rodrigo Sanches Farinha de Baena.",-8236846412.0
39,"Bartolomeu de Gusmão em Portugal, perante o seu rei  e o futuro Papa Inocêncio XIII, fez voar a passarola, de sua invenção, o primeiro balão aquecido a ar conhecido até então.",-8217406412.0
40,Construção do primeiro piano em Florença por Bartolomeu Cristofori.,-8217406412.0
41,Começa a Guerra dos Mascates no Pernambuco (Brasil).,-8217406412.0
42,Termina a Guerra dos Emboabas no Brasil.,-8217406412.0
43,"Construção da Igreja de São Francisco em Ponta Delgada, ilha de São Miguel, Açores.",-8217406412.0
44,"Criação da Superintendência das Minas de Ouro do Serro Frio, em Minas Gerais, para a qual foi nomeado o Sargento-mor Lourenço Carlos Mascarenhas.",-8173256012.0
45,"É publicado pela última vez ''Corografia Portuguesa'', um compêndio de notícias sobre as localidades portuguesas, editado por António Carvalho da Costa.",-8141720012.0
46,Máquina a vapor por Thomas Newcomen,-8141720012.0
47,rre na Suécia o dia 30 de Fevereiro,-8141720012.0
48,"Encerra-se a divisão da Província da Carolina em Norte e Sul, entretanto as duas colônias permanecem sob o comando dos mesmos proprietários.",-8141720012.0
49,"Fundação da Irmandade do Rosário em Vila Franca do Campo, ilha de São Miguel, Açores.",-8141633612.0
50,"Assinado entre Portugal e França, estabelecia que o Rio Oiapoque, no norte do atual território brasileiro, limitaria a fronteira entre Brasil e Guiana Francesa, o tratado de utrecht.",-8110097612.0
51,"Açores que se estende até 1714, e causa a fome e a peste devido à fraqueza das populações. foi causado pelo ciclone tropical de 25 de setembro de 1713, levando muita gente à morte.A fome foi tal que: quota falta de mantimentos que chegou a morrer muita gente de fomequot. Na ilha do Pico, o povo teve de recorrer a comer quotsocas e raízesquot para sobreviver. Noutras ilhas também as colheitas falharam e grassou a fome. Como se tal não bastasse uma epidemia de peste provocou alguns milhares de mortos. No Pico terão morrido 5.000 pessoas e no Faial 500 pessoas, entre as quais 49 religiosos dos conventos da Horta.",-8110097612.0
52,"inundações na vila de Velas, com chuvas intensas na zona entre a Urzelina e os Rosais que levam a destruição de casas. A Ribeira do Almeida veio tão carregada de caudal sólido que criou uma praia que permitia a passagem a pé entre a vila e a Queimada.",-8110097612.0
53,Guerra da Sucessão Espanhola: assinatura do Tratado de Utrecht,-8101457612.0
54,Um ciclone tropical causa destruição nos Açores.,-8087028812.0
55,"dezembro - Grandes Tremores de terra na ilha de S. Miguel, Açores. Após semanas de contínuos abalos deu-se uma erupção de lamas e gases do Pico das Camarinhas. A manifestação vulcânica ficou por essa fase. A crise sísmica destruiu casas nos Ginetes, Mosteiros e Candelária.",-8087028812.0
56,"29 de janeiro - É criada a vila e município com o nome de Vila do Príncipe, primeira vila do norte de Minas, atual cidade do Serro.",-8078561612.0
57,"Jorge, eleitor de Hanôver, torna-se rei Jorge I da Grã-Bretanha.",-8060244812.0
58,O Ducado de Sabóia e Piemonte torna-se no Reino da Sardenha.,-8060244812.0
59,"Piratas Argelinos atacam os Açores, matam e fazem prisioneiros. Ao chegarem à ilha do Corvo são repelidos, deixando para trás cem mortos entre os seus.",-8060244812.0
60,"Encerra-se a Guerra dos Mascates na então Capitania de Pernambuco, Brasil, graças à mediação da Coroa de Portugal.",-8060244812.0
61,"Portugal recebe a Colónia do Sacramento, no actual Uruguai.",-8043915212.0
62,fundada na taverna The Goose and Gridiron a maçonaria,-7966241612.0
63,Fundação de Montevidéu no Uruguai.,-7966241612.0
64,Batalha de Matapão,-7966241612.0
65,"Segunda quinzena de Outubro - Por ocasião da passagem do Conde de Assumar pela Vila de Santo Antônio de Guaratinguetá, três pescadores - João Alves, Domingos Garcia e Felipe Pedroso - encontram no Rio Paraíba do Sul, uma imagem de Nossa Senhora da Conceição em suas redes. A pesca abundante logo após o encontro da Imagem, é considerado o primeiro milagre da santa que foi chamada - Nossa Senhora da Conceição Aparecida.",-7966241612.0
66,"Fundação do primeiro arraial em São Gonçalo do Pará, em Minas Gerais, que se tornaria importante área de combate aos indígenas e mineração.",-7966241612.0
67,"Grande terramoto na ilha do Faial, Açores.",-7952331212.0
68,"Pacoal Moreira Cabral partiu de Sorocaba na época das cheias, desceu o Rio Tietê até encontrar o Rio Paraná.",-7952331212.0
69,"Nicolaus Heinsius, O Jovem, foi médico e erudito holandês (n. 1656).",-7951380812.0
70,"Erupção vulcânica em Santa Luzia, na ilha do Pico, Açores.",-7949652812.0
71,"Erupções em São Mateus e São João do Pico, Açores, Na madrugada enormes estrondos são acompanhados de violentos sismos. Deu-se uma explosão no lugar da Bragada, entre São Mateus e São João.",-7949566412.0
72,"Autorização para a fundação do Convento da vila da Calheta, Calheta, da ilha de São Jorge, Açores.",-7941012812.0
73,"Criação da Diocese de Belém do Pará, Brasil, pelo Papa Clemente XI.",-7915438412.0
74,"Moreira Cabral fundava a futura cidade de Cuiaba, atual capital mato-grossense.",-7912414412.0
75,É publicado o romance ''Robinson Crusoe'' do escritor inglês Daniel Defoe,-7910945612.0
76,"Erupção submarina a Oeste da ilha de São Miguel, Açores.",-7910945612.0
77,"Fim do reinado de Druk Rabgye, Desi Druk do Reino do Butão.",-7910945612.0
78,"Inicio do reinado de Ngawang Gyamtsho, Desi Druk do Reino do Butão, reinou até 1729.",-7910945612.0
79,"Minas Gerais se tornaria uma capitania, com a economia fortemente controlada pela Coroa",-7889259212.0
80,É criada a Comarca do Serro Frio - primeira Comarca do norte de Minas Gerais.,-7889259212.0
81,Nasce oficialmente a cidade de Itabira,-7889259212.0
82,"Reconstrução da Ermida de Nossa Senhora do Loreto na Fajã de Baixo, ilha de São Miguel, Açores.",-7889259212.0
83,A Coroa de Portugal criou a Casa de fundição.,-7889259212.0
84,"10 de julho - Erupção vulcânica no Pico Soldão, faldas da Montanha do Pico, Lajes do Pico, Açores, iniciou-se por ampquot''dezasseis bocas nas faldas do Pico''ampquot de fogo.ampampPor detrás do cabeço do Soldãoampquot uma erupção que ampquotinundou de fogoampquot perto de uma légua quadrada, consumindo terras e vinhedos e destruindo 30 casas ampquotcujos moradores salvaram suas vidas fugindo precipitadamenteampquot. A erupção foi precedida de numerosos sismos e perdurou até Dezembro daquele ano.",-7889259212.0
85,"Erupção submarina no Banco D. João de Castro entre a ilha Terceira e a ilha de São Miguel, Açores.No dia ''10 de Outubro viu-se da ilha Terceira, a alguma distância dela, sair do mar um grande fogo''. Marítimos que foram observar de perto o fenómeno viram uma ilha toda de ''fogo e fumo'', de onde uma grande quantidade de cinzas eram lançadas no ar com o ruído de um trovão. A erupção foi precedida de muitos tremores, sentidos na Terceira e na costa oeste de São Miguel. A ilha formada era quase redonda e suficientemente alta para ser avistada de 7-8 léguas de distância. Perdurou até finais de 1723, sendo desfeita pelo mar.",-7889259212.0
86,"Fundação do Arquivo Público do Estado de São Paulo, a mais antiga repartição pública da capital paulista.",-7835345612.0
87,movimento anticolonial ocorrido no Paraguai.,-7835345612.0
88,"dezembro, um navio francês, o ''''Le Elisabeth'''', naufraga na Baía de Angra. Houve náufragos que foram sepultados nos cemitérios da cidade.",-7835345612.0
89,Jakob Roggeveen descobre a Ilha de Páscoa.,-7817892812.0
90,"É lançada a primeira pedra da Capela do Senhor das Barrocas, em Aveiro.",-7817892812.0
91,"Reconstrução da Ermida de Jesus, Maria, José da Urzelina, ilha de São Jorge, cuja construção é mais antiga e foi da iniciativa dos frades da Ordem dos Franciscanos.ampamp São Jorge, Açores, Guia do Património Cultural. Edição Atlantic View – Actividades Turísticas, Lda. Dep. Legal n.º 197839/03. ISBN 972-96057-2-6, 1ª edição, 2003. ampamp",-7817892812.0
92,"Criação da Vila da Madalena na ilha do Pico, Açores.",-7788862412.0
93,"com a morte de Pedro O Grande, Catarina I da Rússia assume como imperatriz.",-7728123212.0
94,"Confirmação da doação da capitania da ilha de Santa Maria, Açores a Afonso de Vasconcelos e Sousa.",-7711188812.0
95,"Abertura do Campo Novo (Braga), na cidade portuguesa de Braga.",-7711188812.0
96,"Bartolomeu Bueno da Silva Filho, encontrou ouro em Goiás.",-7711188812.0
97,"Jorge II é coroado rei da Grã-Bretanha, sucedendo seu pai Jorge I.",-7654424012.0
98,"undação de Pirenópolis, Goiás, Brasil.",-7644228812.0
99,"Na Escócia, é realizada a última execução por bruxaria.",-7644228812.0
100,"Edificação da Igreja de Nossa Senhora do Livramento na ilha de São Miguel, Açores.",-7644228812.0
101,Fundação da cidade de Cuiabá,-7644228812.0
102,"Início da construção da Igreja de Nossa Senhora do Ó, em Pernambuco.",-7644228812.0
103,"Início da construção da Igreja Matriz de Nossa Senhora do Rosário, em Pirenópolis.",-7636798412.0
104,"Confirmação da criação do curato de Santa Clara em Ponta Delgada, ilha de São Miguel, Açores.",-7614939212.0
105,"Início da abertura do Caminho dos Conventos, na atual região de Araranguá, sul do Brasil. O caminho teria como finalidade o transporte de cargas até o estado de Minas Gerais, que já contava com a proto-exploração de minérios pelos bandeirantes paulistas, mas que só chegaria ao seu ápice após a tomada de Minas pelos emboabas luso-nordestinos, aliados nativos e seus escravos (descendentes daqueles que haviam expulsado os neerlandeses), separando-a da capitania paulista que nasceu com São Vicente (região de Santos) e São Paulo de Piratininga (possivelmente o ápice da mineração se deu entre a metade do século XVIII e o início do último quarto de tal século).",-7614939212.0
106,"Stephen Gray e Granvil Wheeler constroem a primeira linha eléctrica na Inglaterra. Para esse fim, utilizam uma corda de cânhamo umidecido, com 200 metros de comprimento.",-7605176012.0
107,"Fim do reinado de Ngawang Gyamtsho, Desi Druk do Reino do Butão.",-7605176012.0
108,"Inicio do reinado de Mipham Wangpo, Desi Druk do Reino do Butão, reinou até 1736.",-7605176012.0
109,A descoberta de diamates no Arraial do Tijuco (hoje Diamantina),-7605176012.0
110,"Inauguração do Convento de Mafra por vontade de D. João V de Portugal, apesar de a sua construção ainda não estar completa.",-7573640012.0
111,"Um sismo causa destruição na freguesia da Luz, ilha Graciosa, Açores, provocou destruição generalizada na freguesia.",-7559556812.0
112,"Rei Jorge II da Grã-Bretanha concede o direito a James Oglethorpe de fundar a província da Geórgia, separando-a da região da Carolina do Sul.",-7496744012.0
113,"Explosão do paiol de pólvora do castelo de Campo Maior devido a uma tempestade, matando grande parte da população local.",-7488190412.0
114,"Início da reedificação da Matriz da vila da Calheta, a Igreja de Santa Catarina, ilha de São Jorge, Açores.",-7488190412.0
115,"Fundação da Congregação do Santíssimo Redentor, em Scala, Itália.",-7483524812.0
116,"Cheias provocam mortes na ilha de São Jorge. Os lugares mais afectados foram Urzelina, Figueiras, Serroa e Velas.",-7481192012.0
117,"James Oglethorpe, general e colono britânico, funda Savannah, que torna-se a capital da Província da Geórgia.",-7475316812.0
118,"Autorização episcopal para a reconstrução da Igreja de São Pedro de Ponta Delgada, ilha de São Miguel, Açores.",-7472811212.0
119,"Autorização episcopal para a reconstrução da Igreja de São Sebastião, matriz de Ponta Delgada, ilha de São Miguel.",-7450606412.0
120,"Doação das alcaidarias da ilha Graciosa e da ilha do Faial, Açores a Pedro Sanches Farinha de Baena.",-7444472012.0
121,"Publicada a obra ampquotO Espírito das Leis (L’Espirit dês Lois)ampquot, de Montesquieu, onde se trata, principalmente, a tripartição dos poderes.",-7444472012.0
122,Fundação de Natividade (primeira povoação a ser estabelecida no atual estado brasileiro do Tocantins).,-7444472012.0
123,"Instituição da confraria de Nossa Senhora do Rosário, Candelária, ilha de São Miguel, Açores.",-7444472012.0
124,"Inundação no lugar da Povoação, ilha de São Miguel, Açores, tendo provocado mortes e danos materiais.",-7423476812.0
125,"Confirmação da doação da capitania da ilha de Santa Maria, Açores a José de Caminha Vasconcelos de Sousa.",-7422094412.0
126,Publicadas as ''Cartas Filosóficas'' de Voltaire,-7416564812.0
127,"Fim do reinado de Mipham Wangpo, Desi Druk do Reino do Butão.",-7384337612.0
128,"Inicio do reinado de Khuwo Peljor, Desi Druk do Reino do Butão, reinou até 1739.",-7384337612.0
129,"Lineu publica o seu primeiro trabalho científico, ''A Flora Lapónica''",-7352715212.0
130,"começa a escavação da cidade Romana de Herculano, destruída pelo Vesúvio no ano 79",-7293876812.0
131,Fundação da estancia de Socorro no interior de São Paulo.,-7293876812.0
132,"Novembro - É dada ordem para a construção de um forte para protecção da costa da Fajã dos Vimes, ilha de São Jorge, embora já fosse referido num documento de 1707.",-7293876812.0
133,a Ilha de Bouvet é descoberta pelo explorador francés Jean-Baptiste Charles Bouvet de Lozier.,-7289643212.0
134,O Ducado da Lorena é integrado no reino de França.,-7289643212.0
135,"Fim do reinado de Khuwo Peljor, Desi Druk do Reino do Butão.",-7289643212.0
136,"Inicio do reinado de Ngawang Gyaltshen, Desi Druk do Reino do Butão, reinou até 1744.",-7289643212.0
137,Guerra da orelha de Jenkins entre ingleses e espanhóis.,-7289643212.0
138,18 de Julho de 1743 - Primeira vez que um anúncio de meia página de propaganda é publicada(NY Weekly Journal),-7163412812.0
139,"Os ingleses descobrem as minas do Palhal, em Ribeira de Fráguas.",-7131876812.0
140,"Fim do reinado de Ngawang Gyaltshen, Desi Druk do Reino do Butão.",-7131876812.0
141,"Inicio do reinado de Sherab Wangchuck, Desi Druk do Reino do Butão, reinou até 1763.",-7131876812.0
142,"Um Ciclone tropical causa grandes cheias nos Açores causando cheias, na ilha do Pico, na Prainha do Galeão morreram 7 pessoas arrastadas para o mar na Prainha do Norte, 6 pessoas e outras 5 pereceram em São Roque do Pico. Na ilha de São Miguel também houve mortes em Água de Pau e nos Fenais da Ajuda.",-7107857612.0
143,"Mau ano agrícola provoca fome e emigração em massa nos Açores. Foi resultado das cheias de 1744.ampampFoi resultado das cheias de 1744, faltaram os cereais. Na ilha do Pico, o povo ampquot''recorreu a socas e raízes para manter a vida e faltando-lhe mesmo esse mísero alimento emigrou para as mais ilhas''ampquot. Grassaram doenças, fazendo mortandade. Face a esta situação, por alvará régio foi autorizada a emigração para o Brasil, tendo partido pelo menos 1600 pessoas.ampamp",-7100254412.0
144,"Primeira narrativa oficial do encontro da imagem de Nossa Senhora Aparecida é escrita pelo vigário de Guaratinguetá, Padre José Alves Vilela no livro do Tombo da paróquia de Santo Antônio.",-7100254412.0
145,Criação da Prelazia de Goiás.,-7100254412.0
146,"Benção solene da primeira capela de Nossa Senhora Aparecida no Morro dos Coqueiros, atual cidade de Aparecida",-7082456012.0
147,"Dezembro - Construção da Ermida de Nossa Senhora da Victória na Relva, ilha de São Miguel, Açores.",-7082456012.0
148,"Pieter van Musschenbroek de Leyden descobre com a famosa garrafa de Leyden, o primeiro condensador.",-7068718412.0
149,Data que marca o início da partidas de milhares de colonos açorianos para o Brasil.,-7068718412.0
150,Nomeação de Inácio de Sousa Jácome no cargo de Provedor da Fazenda das ilhas dos Açores.,-7055844812.0
151,"Ordem de reconstrução da Igreja de São Pedro, Vila Franca do Campo, ilha de São Miguel, Açores.",-7054376012.0
152,"Em Portugal é criada a freguesia de São José de São Lázaro, o coração da actual cidade de Braga.",-7037182412.0
153,"Bernhard Siegfried Albinus (1697-1770), contando com a ajuda do artista Jan Wandelaar (1691-1759), conseguiu produzir a conta mais exata de ossos e músculos do corpo humano.",-7037182412.0
154,Assinatura do tratado de Aix-la-Chapelle,-6980504012.0
155,"Lisboa e grande parte do resto de Portugal é atingida por um terremoto de grande intensidade, de que existem referências escritas da época a mencionar grandes estragos.",-6980504012.0
156,"Segundo embarque de colonos açorianos para o Brasil, a primeira leva partiu em 1746.",-6974024012.0
157,"Fundação da cidade de Porto Príncipe, capital do Haiti.",-6974024012.0
158,"Fundação da cidade de Alexandria, no estado da Virgínia, Estados Unidos.",-6962792012.0
159,É firmado o Tratado de Madrid.,-6941451212.0
160,Benjamin Franklin resolve empinar uma pipa numa tempestade sofrendo uma descarga atmosférica.,-6929096012.0
161,José I torna-se Rei de Portugal e nomeia o Marquês de Pombal primeiro ministro.,-6929096012.0
162,Voltaire publica ''Orestes''.,-6929096012.0
163,"Início da construção do Santuário do Bom Jesus de Matosinhos em Congonhas, Minas Gerais, por Aleijadinho.",-6929096012.0
164,"Naufrágio, nos mares dos Açores da fragata francesa ampquot''Andromade''ampquot, provinda de São Domingo.",-6929096012.0
165,"Edificação da Igreja de Nossa Senhora da Conceição, nos Arrifes, ilha de São Miguel, Açores.",-6929096012.0
166,"Construção da Ermida de Santa Rita nas Capelas, ilha de São Miguel.",-6929096012.0
167,Construção dos Arcos da Lapa (arqueoduto) no Rio de Janeiro.,-6929096012.0
168,"Foi assinado entre Portugal e Espanha, o Tratado de Madri. Que estabelecia que a Colônia de Sacramento pertencia á Espanha. Em troca, Portugal recebia a área de Sete Povos das Missões, situada em terras do atual Rio Grande do Sul.",-6929096012.0
169,Ano de descoberta do níquel.,-6910952012.0
170,"Edição da primeira Enciclopédia, escrita por Diderot e D'Alembert.",-6910952012.0
171,Ano de criação do Para-raios.,-6879416012.0
172,"É fundada em Edimburgo a Select Society, um fórum intelectual do Iluminismo escocês",-6816257612.0
173,"Tem início a deportação dos Acadianos, por ordem do coronel Charles Lawrence, governador da província da Nova Escócia",-6784721612.0
174,"criada por Carta Régia a Capitania de São José do Rio Negro, com sede em Mariuá (actual Barcelos, Amazonas)",-6779451212.0
175,". José, rei de Portugal, assina decreto que autoriza a miscigenação de portugueses com índios no Brasil.",-6776686412.0
176,"Terramoto de Lisboa, que destrói a cidade e grande parte do Algarve, matando entre 60.000 a 90.000 pessoas e que foi seguido por um incêndio e por um tsunami. Foi sentido em localidades tão distantes como a América do Sul e a Escandinávia. Nos Açores O Maremoto de Lisboa atinge os Açores, provocando grande destruição. O impulso das águas que atravessou a área oceânica onde os Açores se situam, afectando essencialmente as costas do sul e sueste. O maremoto fez com que quot''estando o mar em ordinária tranquilidade, se elevou tanto em três contínuas marés ficando quase seca a sua profundidade por largo espaço''quot. quot''Assim, em Angra o mar entrou até à Praça Velha, causando grande destruição no Porto Judeu o mar subiu quot10 palmos acima da rocha mais altaquot na Praia, inundou o Paul e derribou 15 casas na costa até à Ribeira Seca, incluindo a ermida do Porto Martins. Morreram várias pessoas arrastadas pelo mar. Quase todos os portos dos Açores sofreram graves danos, ficando destruídas muitas embarcações. Em Ponta Delgada o mar subiu pelas ruas estragando muitos edifícios. Na Horta, o mar entrou pela Ribeira da Conceição, chegando aos moinhos de água quotna altura de 8 palmos''quot. provocou um maremoto que causou grande destruição nas costas voltadas a sul e a nascente.",-6758456012.0
177,"Vários tremores de terra abalam a ilha das Flores e a ilha do Corvo, Açores.",-6758456012.0
178,Fim da escravidão indígena no Brasil.,-6758456012.0
179,"Iniciou a Guerra dos Sete Anos, motivada pela disputa por territórios situados na África, Ásia e América do Norte.",-6753185612.0
180,"a construção da Ermida de Santa Rita de Cássia das Manadas, graças ao testamento do Capitão Antão de Ávila Pereira, feito em 8 de junho de 1757. As obras terminam um ano depois, 1758 Jornal Açores, 1955.   São Jorge, Açores, Guia do Património Cultural. Edição Atlantic View – Actividades Turísticas, Lda. Dep. Legal n.º 197839/03. ISBN 972-96057-2-6, 1ª edição, 2003. .",-6721563212.0
181,"Inauguração do Santuário do Bom Jesus de Matosinhos, por Feliciano Mendes, em Congonhas, Minas Gerais, com a celebração do primeiro Jubileu do Senhor Bom Jesus",-6713182412.0
182,"Um grande terramoto atinge a ilha de São Jorge, Açores, registado na história como o Mandado de Deus. Foi um dos mais violentos terramotos de que há registo nos Açores, causou destruição generalizada e deu forma a muitas fajãs, entre elas a da Fajã da Caldeira de Santo Cristo.Dos grandes deslizamentos resultou um maremoto que atingiu todo o Grupo Central dos Açores, incluindo a ilha Terceira. Pelo menos 1053 pessoas morreram em São Jorge e 11 no Pico. quot''O terramoto foi tal que a norte desta ilha, distância de 100 braças, pouco mais, se levantaram dezoito ilhotas, umas maiores que outras''quot. Apareceram todas na manhã do dia 10 de Julho. quot''É navegável o mar entre as ditas, e a ilhaquot''. ''Nas Fajãs dos Vimes, na Fajã de São João e na Fajã dos Cubres, se moveu a terra, voltando-se do centro para cima, de sorte que nelas não há sinal de onde houvesse edifícioquot''. No Faial o sismo foi sentido sem causar grandes danos.",-6705233612.0
183,"O Mandado de Deus causa grandes estragos na Igreja de Santa Bárbara das Manadas, Manadas, Velas, templo classificado como Monumento Nacional.",-6705233612.0
184,"a Ermida de Santa Rita de Cássia das Manadas, que se deveu ao testamento do Capitão Antão de Ávila Pereira, feito em 8 de junho de 1757. As obras tinham-se iniciado um ano antes, em 1757. Jornal Açores, 1955.   São Jorge, Açores, Guia do Património Cultural. Edição Atlantic View – Actividades Turísticas, Lda. Dep. Legal n.º 197839/03. ISBN 972-96057-2-6, 1ª edição, 2003.",-6690027212.0
185,Alvará declarando livres todos os índios do Brasil.,-6679054412.0
186,José I de Portugal escapa a uma tentativa de regicídio da qual resulta o Processo dos Távoras.,-6668859212.0
187,Clemente XIII é eleito papa.,-6668859212.0
188,Lineu aplica o seu sistema binomial de classificação ao Reino animal.,-6668859212.0
189,Surgimento de Macapá,-6668859212.0
190,"A família Távora e José de Mascarenha, o Duque de Aveiro, são executados no fim do Processo dos Távoras, por alegada tentativa de regicídio sobre José I de Portugal.",-6657454412.0
191,Abertura do Museu Britânico.,-6657281612.0
192,"Os franceses, no Quebec (Canadá), rendem-se aos britânicos.",-6657281612.0
193,Voltaire publica ''Cândido''.,-6657281612.0
194,Expulsão dos Jesuítas das colónias portuguesas.,-6657281612.0
195,"Marco inicial da existência do bairro da Tijuca, Rio de Janeiro (cidade)",-6657281612.0
196,Aveiro ascende a cidade.,-6657281612.0
197,Inauguração do Jardim das Amoreiras.,-6657281612.0
198,Cometa Halley visível a olho nú.,-6657281612.0
199,"Grande terramoto na ilha do Faial, Açores Inicia-se uma crise sísmica na ilha do Faial que dura até 1760, foi sentido um grande sismo no Faial, seguido de muitas réplicas. A 4 de Janeiro um sismo ainda maior causou o pânico, tendo sido deliberado ir quot''à Praia do Almoxarife a buscar a imagem do Senhor Santo Cristo que em solene procissão trouxeram para a igreja da Misericórdia''quot. A crise sísmica apenas deixou de ser sentida em Maio de 1760, tendo-se celebrado solene Te-Deum.",-6627646412.0
200,"Casamento de Maria Francisca, duquesa de Bragança e herdeira do trono de Portugal com o tio Pedro de Bragança.",-6626955212.0
201,Benjamin Franklin inventa as primeiras lentes bifocais para utilização em óculos.,-6626955212.0
202,"Fortes terramoto na ilha do Faial, Açores, que já tinham começado no ano anterior.",-6626955212.0
203,Expulsão dos Jesuítas dos Açores.,-6626955212.0
204,"Terramotos seguidos de uma erupção vulcânica na ilha Terceira, Açores.",-6626955212.0
205,Extinção completa da ave Solitário-de-rodrigues,-6626955212.0
206,As jazidas de ouro mineiras começaram a se esgotar.,-6626955212.0
207,Fundação da Vila Nova Real de Messejana da América.,-6626955212.0
208,"da Ribeira Seca, ilha de São Jorge, destruída em 9 de Julho de 1757 pelo Mandado de Deus, templo que datava do século XVI.",-6595332812.0
209,"Terminam as obras de reconstrução da Igreja de São Lázaro, no Norte Pequeno, ilha de São Jorge, destruída em 9 de Julho de 1757 pelo Mandado de Deus.",-6595332812.0
210,Fundada a Faber-Castell,-6595332812.0
211,"Portugal toma a dianteira na abolicao da escravatura no Reinado de D. José I de Portugal, pelo Marquês de Pombal.",-6591704012.0
212,Um ciclone tropical atinge o Grupo Central dos Açores.A ilha Terceira foi a mais atingida pelo temporal quot''por efeito do qual ficaram derribadas muitas casas e arrancadas muita quantidade de árvores''quot. Copiosas chuvas fizeram transbordar as ribeiras.,-6571918412.0
213,"Inicio da mais recente erupção terrestres ocorrida na ilha Terceira, local do Pico das Caldeirinhas ou Picos Gordos.Iniciou-se com violentos tremores que continuaram até 14 de Abril de 1762, dia em que tremeu a terra estranhamente. Na Ilha do Faial os sismos eram sentidos, quot''ainda que brandos''quot. A 17 de Abril de 1762 iniciou-se a erupção nas proximidades do Pico Gaspar, a W do Pico Gordo, sendo emitidas lavas traquíticas muito viscosas que formaram uma doma vulcânica. A 21 de Abril, nova erupção, desta vez a leste do Pico Gordo, na Criação do Chama, iniciou a emissão de lavas basálticas muito fluidas que formaram três correntes de lava, uma das quais atingiu os Biscoitos, onde soterrou 27 casas, terminando nas imediações da igreja de São Pedro, a cerca de 7 km do local da erupção.",-6567252812.0
214,Ano de criação do Barbeador.,-6563796812.0
215,"Edificação da Igreja de Nossa Senhora da Mãe de Deus em Vila Franca do Campo, ilha de São Miguel, Açores.",-6563796812.0
216,"Catarina, a Grande sobe ao poder na Rússia.",-6563796812.0
217,"Construção da Nossa Senhora das Neves do Norte Grande, ilha de São Jorge, sobre outro templo que datava do Século XVI.",-6563796812.0
218,"O Brasil é elevado a vice-reino, sendo a capital transferida de Salvador da Bahia para o Rio de Janeiro.",-6532260812.0
219,O Tratado de Paris entre a Inglaterra e a Espanha põe fim à Guerra dos Sete Anos.,-6528804812.0
220,"O Tratado de Hubertusburgo entre a Prússia e a Áustria termina a Guerra dos Sete Anos. A Áustria devolve o condado de Glatz e a Silésia à Prússia e esta, por sua vez, abandona a Saxónia.",-6528372812.0
221,A capital do Vice-Reino do Brasil é transferida da cidade de Salvador para a do Rio de Janeiro.,-6511352012.0
222,"Morre Augusto III, rei da Polónia.",-6508500812.0
223,Final da Guerra dos Sete Anos.,-6508500812.0
224,"Revolta dos índios da América do Norte contra os britânicos, conduzida por Pontiac, chefe dos Otavas.",-6508500812.0
225,"Jean-Jacques Rousseau, na sua obra ''Cartas da Montanha'', ataca a Constituição e o Conselho de Genebra por este condenar a sua obra ''Emílio''.",-6508500812.0
226,"Frederico, ''O Grande'', cria as escolas de aldeia na Prússia.",-6508500812.0
227,"Inicia-se uma grave crise económica em Portugal, que se prolonga até 1770.",-6508500812.0
228,"Fim do reinado de Sherab Wangchuck, Desi Druk do Reino do Butão, reinou desde 1744.",-6508500812.0
229,"Inicio do reinado de Druk Phuntsho, Desi Druk do Reino do Butão, reinou até 1765.",-6508500812.0
230,Joseph Gottlieb Kölreuter faz experiências relativamente à fertilização das plantas pelos animais que transportam pólen.,-6508500812.0
231,Ribeiro Sanches publica em Paris o ''Método para Aprender a Estudar Medicina''.,-6508500812.0
232,James Hargreaves inventa a máquina de fiar vários fios em simultâneo.,-6508500812.0
233,David Hume - ''História da Grã-Bretanha''.,-6508500812.0
234,Sai pela primeira vez o ''Almanaque de Gota''.,-6508500812.0
235,Ribeiro Sanches - ''Discurso sobre a América Portuguesa''.,-6508500812.0
236,Voltaire - Tratado sobre a tolerância,-6508500812.0
237,John Campbell - ''Dissertação sobre os Milagres''.,-6508500812.0
238,"Justinus Febronius (Johann Nikolaus von Hontheim, bispo de Treves) - ''De Statu Eclesiae'' (defende a supremacia dos concílios universais e será condenado pelo Papa Clemente XIII em 1766).",-6508500812.0
239,"As casas de ordens religiosas, já expulsos os Jesuítas, ascendem a 538 em Portugal, sendo 407 masculinas e 131 femininas.",-6508500812.0
240,Francesco Guardi - ''Eleição de um Doge'' (pintura).,-6508500812.0
241,Étienne Falconet - ''Pigmaleão e Galateia'' (escultura).,-6508500812.0
242,"A Igreja da Madalena, em Paris, é terminada.",-6508500812.0
243,Destruição da ponte romana de Amarante.,-6508500812.0
244,"Conclusão das obras da Igreja dos Clérigos, no Porto.",-6508500812.0
245,"Catarina a Grande ordena uma renovação urbanística para toda a Rússia, segundo o estilo neo-clássico então em vigor, de que é exemplo o Centro Histórico da Cidade de Yaroslavl",-6508500812.0
246,Joseph Haydn compõe a sinfonia ''O Filósofo''.,-6508500812.0
247,"É publicado em Dezembro, em Lisboa, o ''Hebdomadário Lisbonense, Papel Curioso, Noticioso, Útil e de Notícias Públicas''.",-6508500812.0
248,Sai a ''St. James' Chronicle''.,-6508500812.0
249,"Um edital manda demolir todas as barracas de madeira e de pano, levantadas em Lisboa após o terramoto de 1755.",-6506686412.0
250,O Tribunal de King's Beach declara John Wilkes culpado por ter editado ''Essay on a Woman'' e reeditado o número 45 do ''North Briton''.,-6500724812.0
251,"aumentava os impostos que os colonos deviam pagar sobre o melaço, o vinho, o café, a seda e o linho em seus portos.",-6500724812.0
252,O tratado entre a Rússia e a Prússia garante as constituições vigentes da Polónia e da Suécia e assegura tanto o controle da eleição do monarca polaco como a ação conjunta contra os nacionalistas.,-6491998412.0
253,Deflagra um violento incêndio na Alfândega de Lisboa.,-6487678412.0
254,"Stanislas Poniatowski, o protegido da Rússia, é eleito rei da Polónia.",-6479124812.0
255,"Fundação da Irmandade dos Escravos de Nossa Senhora na freguesia da Serreta com o fim das hostilidades da Guerra Fantástica sem que a ilha Terceira sofresse qualquer arremetida, os subscritores do voto de 1762 reuniram-se novamente na Igreja de São Jorge das Doze Ribeiras e em acto solene criaram a nova irmandade.",-6478779212.0
256,Jean-Antoine Houdon - ''S. Bruno'' (esultura),-6478779212.0
257,O Panteão em Paris começa a ser construído.,-6478779212.0
258,"Em Portugal, são criadas medidas legislativas contra o contrabando.",-6477137612.0
259,A Companhia de Jesus (Jesuítas) é proibida na França.,-6472212812.0
260,Alvará que autoriza João Baptista Locatelli a estabelecer uma fábrica de grude em Lisboa.,-6469793612.0
261,"Grande Terramoto na ilha do Faial, Açores.",-6469793612.0
262,"Edificação da Ermida de Nossa Senhora da Paz em Vila Franca do Campo, ilha de São Miguel.",-6469793612.0
263,"Em Março, é criado o Arsenal Real do Exército em Portugal.",-6469793612.0
264,"Em Junho, cria-se uma fábrica de cutelaria em Lisboa.",-6469793612.0
265,"Em Outubro, criam-se fábricas de pentes, marfim, caixas de papelão, verniz e lacre em Portugal.",-6469793612.0
266,"Catarina II da Rússia confisca os domínios eclesiásticos e passa a pagar ordenado aos clérigos, privando-os assim da sua força política.",-6469793612.0
267,Reunião torna-se uma colónia da Coroa Francesa.,-6469793612.0
268,Louis Antoine de Bougainville proclama francesas as ilhas Falkland (Malvinas).,-6469793612.0
269,Cesare Beccaria Bonesana - ''Sobre Crimes e Castigos''.,-6469793612.0
270,"É fundada a Universidade de Brown, em Providence, Rhode Island, nos Estados Unidos.",-6469793612.0
271,Há uma intensificação da indústria portuguesa.,-6469793612.0
272,Joseph Black descobre os fenómenos do calor latente e do calor específico.,-6469793612.0
273,Johann Georg von Zimmermann - ''Sobre as Descobertas da Medicina''.,-6469793612.0
274,James Hargreaves inventa a máquina de fiar de vários fios ao mesmo tempo.,-6469793612.0
275,"Publica-se em Lisboa o ''Diário Universal da Medicina, Cirurgia e Farmácia''.",-6469793612.0
276,Johann August Ernesti edita as obras de Políbio.,-6469793612.0
277,Johann Joaquim Winckelmann - ''História da Arte Antiga''.,-6469793612.0
278,"A Sociedade Diletante, em Londres, envia três dos seus membros à Grécia e à Ásia Menor a fim de proceder a estudos sobre a Antiguidade.",-6469793612.0
279,Adam Anderson - ''As Origens do Comércio''.,-6469793612.0
280,Charles Bonnet - ''Contemplação da Natureza''.,-6469793612.0
281,A obra de Thomas Reid ''Investigação sobre a Mente Humana relativamente aos Princípios dos Senso Comum'' funda a escola filosófica do realismo naturalista.,-6469793612.0
282,Voltaire - ''Dicionário Filosófico''.,-6469793612.0
283,"Edificação da Ermida de Nossa Senhora da Paz em Vila Franca do Campo, ilha de São Miguel, Açores.",-6469793612.0
284,"estabelecia que todos os contratos, jornais, cartazes, cartas e certidões que circulavam nas Treze Colônias deviam receber um selo",-6469102412.0
285,Tremor de terra em Lisboa.,-6469102412.0
286,Alvará que manda concretizar o plano que cria o Terreiro Público (área para abastecimento da população na Ribeira de Lisboa).,-6469016012.0
287,Criação de fábricas de relógios em Portugal.,-6462968012.0
288,"O parlamento inglês vota o Acto do Selo por proposta do Primeiro Ministro britânico Lorde George Greenville, a fim de cobrar impostos às colônias americanas.",-6462104012.0
289,"Sai a lei portuguesa que reinvoca o princípio do beneplácito régio, para impedir os efeitos do breve ''Apostolicum Pascendi'', pelo qual o papa confirmava de novo o instituto da Companhia de Jesus.",-6460894412.0
290,"Na assembleia de Virgínia, Patrick Henry contesta o direito da Inglaterra lançar contribuições sobre as colônias.",-6456315212.0
291,"Em Portugal, é criado o Regimento das Lezírias e Pauis.",-6451217612.0
292,O Arquiduque Pietro Leopoldo sobre ao trono da Toscana e de imediato se extingue o Tribunal de Inquisão no ducado.,-6449748812.0
293,"Com a morte de Francisco I, José II da Áustria é o seu sucessor no Sacro Império Romano e é co-regente com Maria Teresa na Boémia e na Hungria.",-6449316812.0
294,"Alvará que abole as frotas e esquadras para o Rio de Janeiro e Bahia, sendo franqueada a liberdade de comércio com todos os domínios.",-6447329612.0
295,"Tremor de terra em Lisboa, de menor intensidade.",-6447070412.0
296,"Em Portugal, criam-se as fábricas de serralharia",-6446811212.0
297,Os vinte e sete delegados de nove colónias americanas redigem uma declaração de direitos e liberdades após participarem no Congresso do Acto do Selo.,-6443960012.0
298,Decreto que termina com o monopólio do sabão e estabelece as condições das saboarias por conta do Estado.,-6438603212.0
299,"Edificação da Ermida de Santa Rita na Fajã de Baixo, ilha de São Miguel.",-6438603212.0
300,"Com a morte do delfim, o seu filho Luís Augusto (futuro Luís XVI de França) torna-se o herdeiro do trono francês.",-6438603212.0
301,Abertura em Paris do primeiro restaurante público.,-6438603212.0
302,"É inaugurado em Bratislava, na Alemanha, o primeiro ginásio.",-6438603212.0
303,"Arranque das vinhas nos vales do Vouga, Rio Mondego e Tejo, ordenado pelo Marquês de Pombal, em Outubro.",-6438603212.0
304,"Fim do reinado de Druk Phuntsho, Desi Druk do Reino do Butão, reinou desde 1763.",-6438603212.0
305,"Inicio do reinado de Druk Tendzin I, Desi Druk do Reino do Butão, reinou até 1768.",-6438603212.0
306,Lazzaro Spallanzani é pioneiro da preservação de alimentos por meio do fecho hermético e contesta a geração espontânea da vida.,-6438603212.0
307,"James Watt inventa um condensador, que leva à construção da máquina a vapor em 1774, melhorada em 1775.",-6438603212.0
308,Christoph Friedrich Nicolai começa a editar a ''Livraria Universal Alemã'' como órgão da filosofia popular.,-6438603212.0
309,"António Pereira de Figueiredo - ''Doctrina de supremo regum in clericos potestate ...'' (obra apologética da corrente regalista ''que desemboca no princípio das igrejas nacionais'', que pauta, em parte, a política pombalina).",-6438603212.0
310,"Edificação da Ermida de Santa Rita na Fajã de Baixo, ilha de São Miguel, Açores.",-6438603212.0
311,Jean-Honore Fragonard - ''Corésia e Calírroe'' (pintura).,-6438603212.0
312,Jean-Baptiste Greuze - ''A Boa Mãe'' e ''O Filho Castigado'' (pinturas).,-6438603212.0
313,François Boucher é nomeado pintor da corte de Versalhes e pinta Madame de Pompadour.,-6438603212.0
314,"Jacques-Ange Gabriel - Praça da Concórdia, em Paris.",-6438603212.0
315,Lançada a primeira pedra da Cadeia e Tribunal da Relação do Porto.,-6438603212.0
316,"Conclusão do Real Colégio de São Paulo, em Coimbra.",-6438603212.0
317,"Conclusão da parte central do Seminário Maior, em Coimbra.",-6438603212.0
318,"São incorporadas na Coroa Portuguesa todas as saboarias do Reino. O conde Castelo Melhor, que perde o monopólio, é compensado com o título de marquês e importantes bens fundiários.",-6437566412.0
319,"Em Portugal, começa a funcionar o Colégio dos Nobres, criado por carta régia em 7 de Março de 1761.",-6433332812.0
320,"Com a morte de Estanislau Lesczcynski, duque de Lorena, este território é incorporada na França.",-6432987212.0
321,"O Acto Declarativo afirma o direito, entre outros, de a Inglaterra lançar impostos sobre as colónias americanas, apesar de anteriormente no mesmo mês o Parlamento inglês ter revogado o Acto do Selo por 275 votos contra 161.",-6431000012.0
322,John Byron regressa de uma viagem de circum-navegação.,-6426507212.0
323,"É publicada em Portugal a carta da lei limitadora do direito de testar, a qual protege os herdeiros legítimos contra as ''fraudulentas e ímpias negociações dos testamentos''.",-6422446412.0
324,"Alvará português que determina sob a forma de proceder aos aforamentos dos baldios a bem dos concelhos. Transfere para as câmaras, nos concelhos onde os donatários não tinham o direito de os aforar, maninhos e logradouros comuns. Exige-se consulta à Mesa do Desembargo do Paço para fazer novos aforamentos de baldios, a fim de evitar os abusos e ''compadrios'' nos aforamentos que eram feitos por pensões diminutas.",-6421755212.0
325,"Carta régia que proíbe, no Brasil, as indústrias de ourives, fiadores de ouro, de sedas e algodões tecidos.",-6419422412.0
326,"Através de la Real Cédula forma-se o Vice-Reinado do Rio da Prata, do qual Pedro de Cevallos foi o primeiro vice-Rei.",-6419249612.0
327,"É criada a Capitania Geral dos Açores, com sede em Angra, e o título de Presidente da Junta da Administração e Arrecadação da Real Fazenda e Governador e Capitão-General das Ilhas dos Açores para a dirigir.",-6419163212.0
328,"Alvará, concedido a Augusto Ludovico Thymme, para a criação, em Lisboa, de uma fábrica de folhetas para a cravação de diamantes.",-6419163212.0
329,Criação do cargo de Juiz de fora em todas as ilhas dos Açores.,-6416312012.0
330,"Posse do primeiro capitão-general dos Açores, D. Antão de Almada, 12.º conde de Avranches.",-6413460812.0
331,Henry Cavendish descobre que o hidrogénio é menos denso que o ar e apresenta vários estudos sobre a química dos gases à ''Sociedade Real''.,-6413460812.0
332,Louis de Bouganville inicia a sua viagem de descoberta do Pacífico em que chega às ilhas por ele denominadas Ilhas do Navegador.,-6413460812.0
333,Francis Blackburne - ''Confessional''.,-6413460812.0
334,O clero francês é novamente intimado a seguir os Artigos Galicianos de 1682 que limitam a autoridade papal.,-6413460812.0
335,"O Papa Clemente XIII permite o culto do Sagrado Coração de Jesus, fundado por Santa Margarida de Alacoque.",-6413460812.0
336,"Catarina, ''a Grande'', garante a liberdade de culto na Rússia.",-6413460812.0
337,Padre António Pereira de Figueiredo - ''Tentativa Teológica''.,-6413460812.0
338,Jean-Honore Fragonard - ''O Baloiço'' (pintura).,-6413460812.0
339,"Étienne-Maurice Falconet - monumento equestre de ''Pedro, O Grande'', em Sampetersburgo.",-6413460812.0
340,Denis Diderot - ''Ensaio sobre a pintura''.,-6413460812.0
341,Igreja de São Francisco de Assis em Ouro Preto (traça do Aleijadinho).,-6413460812.0
342,Joseph Haydn - ''Grande Missa com Órgão''.,-6413460812.0
343,Alvará português estabelecendo as formas como os donatários deverão requerer cartas de confirmação das doações dos bens da coroa.,-6412856012.0
344,"Procedeu-se ao arranque das vinhas nos campos do Tejo, Mondego e Vouga, para a cultura do pão. Pombal tende a acusar a vinha de se expandir à custa das terras do cereal. No entanto, sabe-se, actualmente, que a expansão da vinha do século XVIII se realizou, de uma forma geral, à custa dos terrenos virgens ou da intensificação policultural.",-6412856012.0
345,"Em Junho, Pedro Pablo Abarca de Bolea, o décimo Conde de Aranda, é nomeado primeiro-ministro de Espanha e introduz a educação escolar.",-6412856012.0
346,A Rússia e a Prússia interferem na política polaca contra os nacionalistas.,-6412856012.0
347,"O mercado livre de cereais em França é abolido, sendo reintroduzido em 1774.",-6412856012.0
348,"Ignorando a anexação de Louis de Bougainville em 1764, John Byron toma as ilhas Falkland e funda a cidade de Port Egmont.",-6412856012.0
349,Ali Bey sobe ao poder no Egipto.,-6412856012.0
350,Adam Ferguson - ''Ensaio sobre a História da Sociedade Civil''.,-6412856012.0
351,Ribeiro Sanches redige o manuscrito ''Moyens pour conserver le commerce déja établi en Russie et pour le faire fleurir à perpetuité''.,-6412856012.0
352,"Estabelecimento da Capitania-geral dos Açores com sede em Angra, ilha Terceira.",-6412856012.0
353,"FARIA, 1997. .",-6406030412.0
354,"FARIA, 1997.",-6406030412.0
355,"Nevil Maskelyne, astrónomo real).",-6406030412.0
356,O município Divinópolis é fundado.,-6404993612.0
357,Carlos III expulsa os Jesuítas de Espanha.,-6400932812.0
358,"Provisão régia que reitera a obrigatoriedade do plantio de mandioca nas fazendas do Brasil, em função do número dos respectivos trabalhadores.",-6395921612.0
359,"Em sequência da revolta da Bounty nos mares do Sul, os amotinados chegam à Ilha de Pitcairn, onde se estabelecem.",-6390305612.0
360,O município São José dos Campos é fundado.,-6388145612.0
361,"1º de Agosto - É fundado o município de Piracicaba, no estado de São Paulo.",-6388145612.0
362,Alvará que concede privilégios aos directores da Real Fábrica de Chapéus de Pombal para aquisição de matérias-primas.,-6387195212.0
363,"Em Abril, é revista a aliança russo-prussiana, pela qual Frederico, ''O Grande'' se compromete a apoiar a oposição polaca, a entrar na Polónia caso a Áustria invada este país e ainda a apoiar a Rússia em caso de guerra com a Turquia.",-6387195212.0
364,"Em Junho, o ministro inglês das Finanças Charles Townshende lança um imposto sobre as importações de chá, vidro, papel e corantes nas colónias americanas, para financiamento da administração colonial.",-6387195212.0
365,"Em Setembro, numa reunião pública em Boston, é decidido não se importar os artigos taxados por Inglaterra, em protesto contra os novos impostos.",-6387195212.0
366,"Em Novembro, sob influência russa, reúne-se a Dieta Polaca.",-6387195212.0
367,"Em Novembro, ão tomadas providências sobre o serviço de aguadeiros em Lisboa.",-6387195212.0
368,Agentes russos fomentam a agitação em Montenegro e na Bósnia contra a soberania turca.,-6387195212.0
369,A Linha Mason-Dixon estabelecida entre Marilândia e Pensilvânia separa os estados livres dos esclavagistas.,-6387195212.0
370,Começa a exportação do algodão brasileiro para a Inglaterra.,-6387195212.0
371,"Vem a lume a ''Dedução Cronológica e Analítica'', pelo menos em parte da autoria do Marquês de Pombal, contra os Jesuítas.",-6387195212.0
372,James Steuart - ''Uma Investigação sobre os Princípios da Economia Política''.,-6387195212.0
373,"Breve ''A quo die'' do Papa Clemente XIII, com vista ao reatamento das relações com Portugal.",-6387195212.0
374,Peter Simon Pallas - ''Elenchus Zoophytorum''.,-6387195212.0
375,Joseph Priestley - ''História da Electricidade''.,-6387195212.0
376,Christian Gottlob Heyne edita as obras de Virgílio.,-6387195212.0
377,Johann Joachim Winckelmann - ''Monumenti antichi inediti''.,-6387195212.0
378,Frei Luís de Monteiro Carmelo - ''Tratado de Ortografia''.,-6387195212.0
379,"Paulo Dias Niza (aliás, Padre Luís Cardoso) - ''Portugal Sacro e Profundo'' (não passa de uma lista alfabética de freguesias, com dados alusivos a 1760).",-6387195212.0
380,A Companhia de Jesus é expulsa de Parma e das Duas Sicílias.,-6387195212.0
381,Moses Meldelson - ''Fédon''.,-6387195212.0
382,Jean-François Marmontel é censurado pelo arcebispo de Paris e pela Sorbona por ter defendido a tolerância religiosa na novela ''Belissário''.,-6387195212.0
383,Allan Ramsay é nomeado pintor retratista de Jorge III de Inglaterra.,-6387195212.0
384,Realizada a primeira prova de biatlo na Noruega.,-6387195212.0
385,"Em Julho, a assembleia de Massachusetts é dissolvida por se recusar a cobrar os impostos.",-6374494412.0
386,"Em Julho, a França compra a Génova a ilha da Córsega.",-6374494412.0
387,"Em Agosto, com a ajuda da França, é criada uma confederação em Bar, na Polónia, com o fito de se opor aos intentos da Rússia em defesa das liberdades polacas.",-6374494412.0
388,"Em Portugal, em Agosto, são queimadas, em praça pública, muitas fazendas de contrabando, por mandado da Junta de Comércio.",-6374494412.0
389,"O Papa Clemente XIII confisca Parma como retalização à expulsão dos Jesuítas, pelo que o rei de Nápoles invade os Estados Pontifícios e a França toma Avinhão.",-6374494412.0
390,Os Gurcas conquistam o Nepal.,-6374494412.0
391,Decreto português que obriga os sucessores das ''casas puritanas'' a casar-se fora do grupo (o grupo puritano da nobreza da corte excluía outras casas de grandes das suas alianças).,-6374494412.0
392,Transferência para Díli da capital de Timor.,-6374494412.0
393,"Inicia-se a publicação de ''Dedução Chronologica e Analytica'' de José Seabra da Silva, repositório da teoria política do absolutismo iluminista português e reafirmação do regalismo. Demonstram-se ainda os ''horrorosos estragos'' que a Companhia de Jesus fez em Portugal e seus domínios.",-6374494412.0
394,Johann August Ernesti - ''Archaeologia Litteraria''.,-6374494412.0
395,Abraham Booth - ''Reino da Graça''.,-6374494412.0
396,Emanuel Swedenborg - ''Delititiae Sapientiae''.,-6374494412.0
397,Proibição em Portugal da publicação e divulgação das profecias de António Gonçalves Annes Bandarra.,-6374494412.0
398,"É fundada a Academia Real Inglesa com Joshua Reynolds como presidente, que começa por fazer quinze discursos sobre arte.",-6374494412.0
399,Augustin Pajou faz as esculturas decorativas da Ópera de Versalhes.,-6374494412.0
400,Wolfgang Amadeus Mozart - ''Bastien e Bastienne'' (ópera).,-6374494412.0
401,Thomas Gray - ''Poemas''.,-6374494412.0
402,Laurence Stern - ''Viagem Sentimental''.,-6374494412.0
403,Jean de Saint-Lambert - ''As Estações''.,-6374494412.0
404,2400000 habitantes.,-6374494412.0
405,É criada pela primeira vez em Inglaterra uma Secretaria de Estado para as Colónias.,-6372852812.0
406,"É criada a Real Mesa Censória, em Lisboa, por iniciativa de Carvalho e Melo. Retira à Inquisição os poderes do exame prévio e de censura dos livros. Aglutina todos os órgãos de censura existentes. Clara separação entre o domínio secular e eclesiástico: no que respeita à matéria episcopal e pontifícia ficaram as inspecções a cargo do Santo Ofício, arcebispos e bispos e para o Desembargo do Paço ficaram as matérias da autoridade régia.",-6366286412.0
407,"James Cook inicia a viagem de navegação de três anos em que faz a exploração das ilhas da Sociedade, cartografa as costas da Nova Zelândia e descobre a Austrália Ocidental.",-6354017612.0
408,"Frederico, ''O Grande'' da Prússia termina o seu testamento político.",-6347624012.0
409,"O príncipe de Kaunitz, chanceler austríaco, sugere a José II a viabilidade da partilha da Polónia.",-6345464012.0
410,Criação da Junta da Providênvia Literária de apoio à política universitária do Marquês de Pombal.,-6343649612.0
411,Funda-se a Imprensa Régia em Lisboa.,-6343563212.0
412,"Fim do reinado de Druk Tendzin I, Desi Druk do Reino do Butão, reinou desde 1765.",-6343563212.0
413,"Inicio do reinado de Donam Lhundub, Desi Druk do Reino do Butão, reinou até 1773.",-6343563212.0
414,"Decreto que cria, em Pombal, uma fábrica de chapéus finos de propriedade régia.",-6340971212.0
415,"Decreto português que atribui a censura dos livros, retirada à Inquisição, à competência da Real Mesa Censória.",-6334750412.0
416,"Dois Eclipses solares quase simultâneos, primeiro causado por Vênus, e cinco horas depois pela Lua. Menor tempo entre dois eclipses já registrado na história da humanidade, sendo visível na América do Norte, Europa e parte da Ásia.",-6333886412.0
417,Madame du barry torna-se a concubina oficial de Luís XV.,-6333281612.0
418,"Após semanas de discussão, o Conselho Privado decide manter o imposto sobre o chá nas colónias americanas.",-6332504012.0
419,"Decreto autorizando o estabelecimento, na Lousã, de uma fábrica de papel de escrever.",-6332158412.0
420,Alvará português que cria a Junta das Confirmações. Ao sujeitas os ofícios a confirmação régia são os mesmos considerados como bens da coroa e insusceptíveis de apropriação patrimonial.,-6332072012.0
421,Alvará régio português que combate a consolidação dos prazos das igrejas (legislação sobre a enfiteuse).,-6331553612.0
422,"Ao fim de três meses de contenda entre as facções a favor e contra os Jesuítas, o conclave de cardeais elege papa Lorenzo Ganganelli, candidato da facção adversa aos Jesuítas, que adopta o nome de Clemente XIV.",-6330948812.0
423,Alvará português que declara a Inquisição como Tribunal Régio.,-6330862412.0
424,O Marquês de Pombal coloca a Inquisição sob protecção régia.,-6329393612.0
425,Alvará que cria uma fábrica de louça fina em Lisboa.,-6329220812.0
426,Guilherme Stephens recebe a administração da Fábrica de Vidros da Marinha Grande.,-6326715212.0
427,Alvará para protecção dos sapais e marinhas de Tavira.,-6325851212.0
428,"Alvará que cria em Lisboa uma fábrica de cartas de jogar, pertença do monarca.",-6324641612.0
429,"Em Portugal, é promulgada a Lei da Boa Razão, a qual dá ao direito subsidiário uma nova dimensão no preenchimento das lacunas existentes no campo do direito privado. Deixa de ter fundamento jurídico o direito consuetudinário acaba com a relevância do direito canónico nos tribunais civis. Reduz o domínio da aplicação do direito romano. Visa-se pôr fim à prática da ''doutrina e da jurisprudência sobre a lei do soberano''.",-6323086412.0
430,Francisco de Castro é autorizado a estabelecer uma fábrica de tecidos de linho em Abrantes.,-6322395212.0
431,Carta de lei portuguesa que sanciona o direito de renovação pela chamada equitativa batolina.,-6321185612.0
432,Concessão do título de marquês ao conde de Oeiras.,-6317988812.0
433,Decreto português que estipula penas para os atravessedores de vinho.,-6317902412.0
434,Alvará português que proíbe as devassas sobre os concubinatos.,-6317124812.0
435,"O rei português é agredido por um demente, com ''duas pauladas'', em Vila Viçosa.",-6313841612.0
436,"Em Fevereiro, a Áustria ocupa Lenberga e a região de Ziph, na Polónia.",-6313841612.0
437,"Em Março, Portugal abandona a praça marroquina de Mazagão. A população vai para o Brasil, onde funda a colónia de Vila Nova de Mazagão.",-6313841612.0
438,"Em 13 de Junho é fundada a cidade da Lapa, Paraná, Brasil.",-6313841612.0
439,"Em Agosto, Frederico II e José II encontram-se em Neisse (actual Nysa) para discutir a partilha da Polónia.",-6313841612.0
440,"Em Agosto, funda-se a fábrica de chapéus de Elvas, em Portugal.",-6313841612.0
441,"Em Setembro, tropas russas ocupam a Moldávia.",-6313841612.0
442,"Em Setembro, deu-se a trégua luso-marroquina.",-6313841612.0
443,"Em Outubro, a aliança russo-prussiana é renovada até 1780. José II garante a Frederico II a devolução de Ansbach e Bayreuth, enquanto a Prússia se compromete a apoiar a constituição sueca.",-6313841612.0
444,"Em Outubro, houve a nomeação do primeiro cônsul-geral da Rússia em Lisboa.",-6313841612.0
445,"Em Novembro, as tropas russas ocupam Bucareste.",-6313841612.0
446,"Em Dezembro, a Rússia assina um tratado com a Dinamarca a fim de evitar o malogro da constituição sueca.",-6313841612.0
447,"É aberta a primeira creche em Steintal, na Alsácia.",-6313841612.0
448,Richard Arkwright inventa a máquina de fiar.,-6313841612.0
449,Nicolas Cugnot inventa o veículo rodoviário a vapor.,-6313841612.0
450,Josiah Wedgewood abre a cerâmica Etruria junto a Burslem.,-6313841612.0
451,Rafael Bluteau - ''Instrução sobre a Cultura das Amoreiras e Criação dos Bichos-da-Seda''.,-6313841612.0
452,Egidio Forcellini - ''Totius Latinitatis Lexicon''.,-6313841612.0
453,William Robertson - ''História de Carlos V''.,-6313841612.0
454,É aberto o Museu Pio-Clementiano em Roma.,-6313841612.0
455,Charles Bonnet - ''Palingenesia Filosófica''.,-6313841612.0
456,Padre António Pereira de Figueiredo - ''Demonstração Teológica''.,-6313841612.0
457,"Em Janeiro, os Bourbons pedem a dissolução da Companhia de Jesus.",-6313841612.0
458,"Reinaldo Manuel dos Santos inicia a construção da Igreja dos Mártires, em Lisboa.",-6313841612.0
459,"Robert Adam e os seus irmãos John, William Jr. e James inicam a construção dos ''Adelphi'', em Londres.",-6313841612.0
460,Carl Philipp Emanuel Bach - ''Passion Cantata''.,-6313841612.0
461,"É fundado o jornal ''Morning Chronicle'', em Londres.",-6313841612.0
462,"Jean-François Ducis faz a adaptação da peça de ''Hamlet'' de William Shakespeare, em Paris.",-6313841612.0
463,"chega a Lisboa o núncio apostólico, Innocêncio Conti.",-6311336012.0
464,"Martinho de Melo e Castro assume a Secretaria de Estado da Marinha e Domínios Ultramarinos (por morte, a 05/11/1769, do irmão do Marquês de Pombal, titular do cargo.",-6311076812.0
465,"Licença para a fundação, no Porto, de uma refinaria de açúcar (propriedade de João Batalha Freire).",-6303041612.0
466,"O delfim de França casa com Maria Antonieta, filha da imperadora Maria Teresa de Áustria.",-6299672012.0
467,"Autorização para o estabelecimento de uma fábrica de camurça, pelicas e pergaminhos em Trancão.",-6299412812.0
468,A frota russa derrota a armada turca em Tchesme.,-6295352012.0
469,"O Capitão James Cook, no fim da sua viagem de descoberta da Austrália, reclama o continente em nome do Império Britânico.",-6291291212.0
470,Carta de lei que determina a inscrição de todos os comerciantes de Lisboa na Junta do Comércio.,-6290513612.0
471,"J.F. Struensee, favorito da rainha Carolina Matilde, provoca a queda do conde Bernstorff, na Dinamarca.",-6289304012.0
472,"É publicado um Edital da Real Mesa Censória, proibindo inúmeras obras literárias em Portugal.",-6287316812.0
473,"Criação de uma fábrica régia de pentes de marfim em Lisboa, cuja propriedade passará depois para Gabriel da Cruz.",-6286798412.0
474,É decretada uma lei em Portugal que diz que os cargos da República nada mais são que uma quotcomissão simples e precária do Príncipe..quot,-6285848012.0
475,É descoberto um grupo de franco-mações na ilha da Madeira (informação do governador do Funchal),-6282824012.0
476,Struensee abole o Conselho na Dinamarca e torna-se todo-poderoso iniciando-se assim um vasto programa de reformas e introduz a liberdade de culto e de imprensa.,-6282132812.0
477,"Em Portugal, Penafiel e Pinhel são elevadas à categoria de cidade.",-6282132812.0
478,"Em 06 de Junho, João de Souza Lisboa inaugura, com o apoio do amigo Cláudio Manoel da Costa( poeta inconfidente)a Casa da Ópera de Vila Rica(atual Ouro Preto-MG). A data foi escolhida em honra do aniversário do rei D. José I. A Casa da Ópera/Teatro Municipal de Ouro Preto é o teatro mais antigo das Américas em funcionamento.",-6282132812.0
479,Organiza-se a educação primária no Império Austríaco.,-6282132812.0
480,"E.Burke, ''Reflexos sobre as causas dos descontentamentos actuais''.",-6282132812.0
481,"Com a obra ''Diálogos sobre o comércio dos cereais'', Ferdinando Galiani ataca os fisiocratas.",-6282132812.0
482,"Em Abril o Parlamento Inglês retira os impostos sobre o papel, o vidro e os corantes, mas mantém a taxa sobre o chá.",-6282132812.0
483,"Em Agosto, a intervenção do duque de Choiseul evita a guerra entre a Espanha e a Inglaterra pela posse das ilhas Malvinas. Em Portugal, Pinhel é elevada a cidade.",-6282132812.0
484,"Em Setembro, José II da Áustria e Frederico II da Prússia encontram-se em Neustadt para discutir a forma de obstar à espanssão russa.",-6282132812.0
485,"Em Portugal, a Real Fábrica das Sedas é encarregada de fomentar a cultura de amendoeiras é ainda declarado publicamente sobre o comércio como sendo uma profissão ampquotnobre, necessária e proveitosaampquot.",-6282132812.0
486,"Em 06 de junho de 1770 é inaugurada a Casa da Ópera de Vila Rica(atual Ouro Preto- Minas Gerais), o teatro mais antigo das Américas em funcionamento.",-6282132812.0
487,John Hill elabora o método de obter amostras para o estudo no microscópio.,-6282132812.0
488,Alexis Duchateau inventa a dentadura artificial de porcelana.,-6282132812.0
489,"Leonardo Euler, ''Introdução à Álgebra''.",-6282132812.0
490,James Cook descobre a baía Botânica.,-6282132812.0
491,"Domingos Vandreli, ''Sobre a utilidade dos jardins botânicos''.",-6282132812.0
492,"Em Julho - Breve de Clemente XIV suprimindo, em Portugal, os mosteiros dos cónegos regulares de Santo Agostinho, já em Agosto o Papa cria várias dioceses.",-6282132812.0
493,"Frei Manuel do Cenáculo, ''Memórias históricas do Ministério do púlpito''.",-6282132812.0
494,"António Ribeiro dos Santos, ''De sacerdotio et Imperio''.",-6282132812.0
495,"Inicia-se no Porto a construção do Hospital de Santo António, da autoria de John Carr de Iorque.",-6282132812.0
496,"Thomas Gainsborough, ''O Rapaz Azul'' (retrato pictórico).",-6282132812.0
497,Execução da estátua equestre de D. José I.,-6282132812.0
498,"É esctrita por Johannes Ewald, ''Rolf Krage'', a primeira tragédia dinamarquesa.",-6282132812.0
499,"Janeiro - A Espanha concorda em ceder as ilhas Malvinas à Inglaterra, mas não faz qualquer reparações por ter insultado a bandeira inglesa. Por volta do mesmo período o príncipe Henrique da Prússia visita a Rússia e propõe a partilha da Polónia.",-6279800012.0
500,Auto-de-fé em Goa com 91 setenciados.,-6276948812.0
501,Alvará decretando a livre exportação de cereais das ilhas dos Açores.,-6276689612.0
502,Concessão aos Açores da categoria de província de Portugal,-6276689612.0
503,Lavoisier faz experiências sobre a composição do ar.,-6276689612.0
504,Luigi Galvani descobre a natureza eléctrica dos impulsos nervosos.,-6276689612.0
505,J. A. Delue estabelece regras para medir altitudes com o barómetro.,-6276689612.0
506,Em Julho - O é criado o regulamento dos teatros em Portugal.,-6276689612.0
507,"Em Agosto - É apresentado ao rei de Portugal o parecer da Junta da Providência Literária, acerca do estado das Artes e Ciências no reino.",-6276689612.0
508,"Jacopo Facciolati, ajudado por Egidio Forcellini, ''Totius Latinitatis Lexicon''.",-6276689612.0
509,"W. Robertson, ''História da América''.",-6276689612.0
510,É lançada a primeira edição da ''Enciclopédia Britânica''.,-6276689612.0
511,Em Junho - Clemente XIV concede novamente a bula de Cruzada (publicada em Novembro de 1772),-6276689612.0
512,"J. S. Semler, ''Estudos sobre a Livre Investigação do Cânone''.",-6276689612.0
513,Wesley nega a justificação pelas suas obras.,-6276689612.0
514,Indiferida a petição ao Parlamento para dispensar o clero inglês de subscrever os 39º Artigos. John Jebb e outros teólogos tornaram-se unitaristas.,-6276689612.0
515,"Benjamim West, ''A Morte do Lobo'' (pintura).",-6276689612.0
516,"J. A. Houdon, o busto de Diderot.",-6276689612.0
517,A Feitoria de Linhos é extinta.,-6275048012.0
518,O poeta português Pedro Correia Garção é preso no Limoeiro.,-6271332812.0
519,Junho - A Rússia termina a conquista da Crimeia.,-6271332812.0
520,O Ensino passa a depender da Real Mesa Censória.,-6266494412.0
521,Julho - A Áustria e a Turquia assinam um tratado com a intenção de obrigar a Rússia a devolver os territórios conquistados,-6266494412.0
522,"É criada em Lisboa, a Inspecção Geral dos Diamantes. A coroa fica com o contrato exclusivo da sua exploração.",-6263211212.0
523,A carruagem do Marquês de Pombal é apedrejada à saída do paço. O autor do quotcrimequot é imediatamente detido.,-6258372812.0
524,Descoberto o Oxigénio.,-6258372812.0
525,Elevação do povoado portugues de Figueira da Foz à condição de vila.,-6258372812.0
526,"Em Portugal, elevação à categoria de cidade de Castelo Branco.",-6258372812.0
527,O governo português assumiu a exploração de diamantes como monopólio da Coroa,-6258372812.0
528,O próprio governo português assumiu a exploração de diamantes como monopólio da Coroa.,-6258372812.0
529,Em Junho - É criada a Cordoaria Nacional de Portugal.,-6258372812.0
530,É abolida a servidão na Sabóia.,-6258372812.0
531,F. de Melo Palheta introduz no Brasil a cultura do café.,-6258372812.0
532,Figueira da Foz é promovida a vila Castelo Branco recebe o título de cidade.,-6258372812.0
533,É iniciada a construção d'A Real Fábrica de Lanifício de Portalegre.,-6258372812.0
534,"É publicada, em Portugal, legislação relativa à libertação de escravos negros.",-6258372812.0
535,Data existente numa planta do Forte de São Sebastião de Angra remetida com outras à Secretaria da Guerra em Lisboa.,-6248264012.0
536,"O Laboratório Chimico da Universidade de Coimbra, onde se situa o Museu da Ciência, é mandado edificar pelo Marquês de Pombal.",-6248264012.0
537,Na Dinamarca Ove Guldberg leva Struensee à prisão.,-6246881612.0
538,"A assembleia de Boston ameaça com a secessão de Inglaterra, a menos que sejam mantidos os direitos das colónias.",-6243252812.0
539,"08 de março - Da-se a Batalha de Gulnabad, com a vitória afegã e a destruição do Império Safávida persa",-6243252812.0
540,"Criada a Freguesia de São Francisco do Porto dos Casais, que deu origem à cidade de Porto Alegre. Essa é a data oficial da fundação da cidade.",-6240920012.0
541,julho - A Inglaterra recusa a permissão à Armada francesa de entrar no Báltico para apoiar Gustavo III da Suécia contra os seus súbditos.,-6240920012.0
542,"Frederico, ''O Grande'', receando o interesse da Áustria de que as conquistas russas na Turquia levem a uma guerra generalizada, concebe a primeira partilha da Polónia: a Prússia ocupa a Polónia Ocidental (à excepção de Danzigue) e Ermland, a Áustria apodera-se da Galícia Oriental e da Lobomerica, e a Rússia fica com os territórios a leste do Duína e do Dniepre.",-6229515212.0
543,Gustavo III restabelece a autoridade plena da monarquia na Suécia.,-6228305612.0
544,"É feito o voto para a construção Igreja de Nossa Senhora dos Milagres da Serreta, Angra templo cujas obras só se iniciaram em 1819, por iniciativa do general Francisco António de Araújo, então nomeado capitão-general dos Açores.",-6226145612.0
545,"a Janeiro de 1773) - Sob a direcção de Samuel Adams formam-se, em Massachusetts, Comités de Correspondência de acção contra a Inglaterra.",-6221825612.0
546,"Criada a vila de Alcobaça pelo Ouvidor José Xavier Machado Monteiro no local denominado Arraial de Itanhém, situado às margens do Rio Itanhém, ao sul da Capitania de Porto Seguro (actual Microrregião de Porto Seguro).",-6220961612.0
547,"a Inglaterra entregou á Companhia das Índias Orientais, o controle sobre a venda do chá para as Treze Colônias.",-6216641612.0
548,As distinções entre cristãos velhos e cristãos novos são abolidas em Portugal. É igualmente decretada a destruição dos registos cadastrais dos judeus.,-6204200012.0
549,"É descoberta a Ilha do Bananal, localizada no estado brasileiro do Tocantins.",-6198843212.0
550,"Fim do reinado de Donam Lhundub, Desi Druk do Reino do Butão, reinou desde 1768.",-6198843212.0
551,"Inicio do reinado de Kunga Rinchen, Desi Druk do Reino do Butão reinou até 1776.",-6198843212.0
552,"É destruída por um incêndio a  Ermida de Nossa Senhora do Pilar, na cidade da Horta, ilha do Faial.",-6198843212.0
553,o fechamento de Boston ocupação de Massachusetts e o julgamento dos colonos rebelados.,-6185105612.0
554,Por despacho do Marquês de Pombal é abolida a Inquisição de Goa.,-6181649612.0
555,Fundada a atual cidade de Campinas.,-6168344012.0
556,Reúne o Primeiro Congresso Continental da Filadélfia,-6168344012.0
557,Nomeação de Dinis Gregório de Melo Castro e Mendonça no cargo de capitão-general dos Açores.,-6168344012.0
558,Aparição do cometa Halley,-6168344012.0
559,"Joaquim Machado de Castro, inauguração da estátua equestre de D.José",-6140091212.0
560,Reúne o Segundo Congresso Continental da Filadélfia,-6140091212.0
561,"Dá-se início à construção do Forte de São Joaquim, no Alto Rio Branco, pelo governador geral do Grão-Pará, Francisco Xavier de Mendonça Furtado - 23 anos após a autorização.",-6140091212.0
562,Rhode Island é a primeira das Treze Colónias a renegar a fidelidade a Jorge III.,-6122033612.0
563,"Publicação de ''The Wealth of Nations'', por Adam Smith.",-6122033612.0
564,"Início da construção do Real Forte Príncipe da Beira, nas margens do rio Guaporé do atual estado de Rondônia, entre o Brasil e a Bolívia, a mil metros do Forte de Bragança.",-6122033612.0
565,"Publicação do primeiro volume de ''A História do Declínio e Queda do Império Romano'', por Edward Gibbon.",-6122033612.0
566,James Cook inicia a sua terceira viagem de exploração ao Oceano Pacífico.,-6122033612.0
567,"Fim do reinado de Kunga Rinchen, Desi Druk do Reino do Butão, reinou desde 1773.",-6122033612.0
568,"Inicio do reinado de Jigme Singye, Desi Druk do Reino do Butão, reinou até 1788.",-6122033612.0
569,"Fundação de Porto Alegre, capital do estado do Rio Grande do Sul.",-6114776012.0
570,"pelo professor universitário Adam Weishaupt, a sociedade secreta chamada ''Illuminati''.",-6111579212.0
571,"A população de Minas Gerais, era composta de 70769 brancos, 82 mil pardos e 167 mil negros.",-6111579212.0
572,Foi fundada a cidade de San Francisco.,-6106481612.0
573,"Início da Revolução Americana, contra o colonialismo britânico, com a publicação da Declaração da Independência dos Estados Unidos.",-6106481612.0
574,Utilizado pela primeira vez na Declaração da Independência o nome ''ampquotEstados Unidos da Américaampquot''.,-6106481612.0
575,"Ficou pronta a Declaração de Independência, cujo principal autor foi Thomas Jefferson.",-6106481612.0
576,"1° de Agosto - Criação do Vice-Reino do Rio da Prata, com capital em Buenos Aires e jurisdição sobre os atuais Uruguai, Argentina, Paraguai e Bolívia.",-6106481612.0
577,Grande Incêndio de Nova Iorque de 1776,-6099224012.0
578,Ano de criação do Torpedo.,-6090411212.0
579,Segunda edição da ''Encyclopaedia Britannica''.,-6090411212.0
580,"A Espanha chegou a um acordo com Portugal, assinado o Tratado de Santo Ildefonso.",-6090411212.0
581,Assinado entre Portugal e Espanha o Tratado de Santo Ildefonso.Os espanhóis obtinham o território de Sete Povos das Missões e da Colônia de Sacramento e devolviam a Portugal algumas terras que haviam ocupado no atual Rio Grande do Sul.,-6090411212.0
582,"Com a morte de Maximiliano III, a Baviera fica sob a soberania de Carlos Teodoro, príncipe-eleitor do Palatinado.",-6090411212.0
583,George Washington derrota as tropas ingleses na Batalha de Princeton.,-6090238412.0
584,"D. Maria I, sucessora de D. José I no trono de Portugal, afasta do poder o marquês de Pombal.",-6085054412.0
585,O marquês de La Fayette chega aos Estados Unidos com o seu grupo de voluntários franceses.,-6085054412.0
586,"Cerimónia pública de aclamação de D. Maria I, do seu quotLevantamentoquot ao Trono de Portugal, com a leitura do discurso do desembargador Dr. José Ricalde Pereira de Castro.",-6079006412.0
587,O Congresso adopta a actual bandeira como símbolo dos Estados Unidos.,-6076241612.0
588,"Tem lugar a primeira das duas Batalhas de Saratoga, que marcam um ponto de viragem na Guerra da Independência dos Estados Unidos. A segunda batalha acontece no dia 7 de outubro.",-6067860812.0
589,"A Espanha chegou a um acordo com Portugal, assinando o Tratado de Santo Ildefonso.",-6066824012.0
590,"O exército britânico rende-se ao general Horatio Gates, na sequência das Batalhas de Saratoga.",-6065441612.0
591,"Depois de 16 meses de debate, o Congresso Continental aprova os Artigos da Confederação na temporária capital localizada em York, na Pensilvânia. Entre outras diretrizes esse artigo oficializa o nome da Confederação em ''Os Estados Unidos da América''.",-6062936012.0
592,Fundação da cidade de Corumbá - Mato Grosso do Sul,-6036152012.0
593,"Inicio da construção da Ermida de Nossa Senhora do Socorro nos Biscoitos, ilha de São Jorge, que foi concluída em 1788, ampliada em 1831 e restaurada na década de 1990.",-6036152012.0
594,"Primeira aula pública de '''Debuxo e Desenho''' no Porto, criada por decreto da Rainha D. Maria I",-5995803212.0
595,Antoine Lavoisier formula a teoria da combustão química .,-5995803212.0
596,Luigi Galvani faz experiências com rãs sobre electricidade animal.,-5995803212.0
597,"Introdução da cultura da batata na ilha Terceira, Açores.",-5995803212.0
598,movimento anticolonial ocorrido em Nova Granada (Colômbia),-5995803212.0
599,movimento anticolonial ocorrido no Peru,-5995803212.0
600,"Harvard passou a ser a primeira a ser referido como Universidade, pela nova Constituição de Massachussetts.",-5995803212.0
601,"Grande furacão de 1780 - em outubro, nas Caraíbas",-5995803212.0
602,"Descoberta do planeta Urano, por William Herschel.",-5958046412.0
603,Fundada a cidade de Los Angeles.,-5942926412.0
604,"Fundado a cidade de São Fidélis, Estado do Rio de Janeiro",-5940939212.0
605,"Construção do Solar dos Noronhas da Ribeira Seca, ilha de São Jorge.",-5940939212.0
606,"Construção da Ermida de Nossa Senhora dos Milagres anexa ao Solar dos Noronhas, Ribeira Seca.",-5940939212.0
607,"É colocado no templete, que para esse fim foi construído entre as duas torres sineiras, o relógio da Sé Catedral de Angra do Heroísmo, Angra.",-5932644812.0
608,Publicação do romance epistolar ''Les liaisons dangereuses'' de Choderlos de Laclos.,-5932644812.0
609,O elemento químico Telúrio é descoberto por Mueller von Reichenstein.,-5932644812.0
610,A rainha portuguesa D. Maria I eleva o povoado alentejano de Cuba (Portugal) à categoria de vila.,-5932644812.0
611,Abertura do primeiro Banco Comercial Americano.,-5932126412.0
612,Criada a Companhia dos Guarda Marinha da Armada Portuguesa.,-5928843212.0
613,George Washington cria a Ordem de Mérito Militar para soldados americanos feridos em batalha.,-5913809612.0
614,"Península da Criméia, até então pertencente ao Império Otomano, anexada pelo Império Russo.",-5901108812.0
615,È fundada a mais antiga marca de refrigerantes a Cadbury Schweppes,-5901108812.0
616,"Naufrágio no meio da Baía, junto ao Porto da Calheta, Vilha da Calheta da Fragata de guerra inglesa de nome ''quotHMS Pallasquot'', que se incendiou e queimou até à borda da água.",-5897393612.0
617,Fim da Guerra da Independência dos Estados Unidos.,-5879940812.0
618,Portugal proíbe as atividades fabris e artesanais no Brasil,-5837950412.0
619,"Início da circulação do jornal ''The Times'', com o nome ''The Daily Universal Register''",-5837950412.0
620,Escândalo do Caso do colar de diamantes,-5837950412.0
621,Fundação da cidade de Alexandria (Louisiana),-5837950412.0
622,Fundação da comuna chilena de Punitaqui,-5837950412.0
623,"Descoberta da galáxia NGC 4565, por William Herschel",-5837950412.0
624,"Casamento do futuro rei João VI de Portugal com Carlota Joaquina de Bourbon, infanta de Espanha",-5826977612.0
625,Portugal proíbe a importação de meias de seda de cor.,-5802612812.0
626,"Confirmação da doação da capitania da ilha de Santa Maria, Açores a António José de Vasconcelos e Sousa.",-5802612812.0
627,Revolta dos Notaveis,-5774878412.0
628,"Inicio da construção de uma ermida no lugar dos Biscoitos, ilha de São Jorge, ermida que em 1831 dá origem a actual Ermida de Nossa Senhora do Socorro.",-5774878412.0
629,"março – Inicia-se uma crise sísmica na ilha Graciosa, Açores, a crise sísmica abalou a ilha Graciosa sem, contudo, causar danos consideráveis.",-5774878412.0
630,"Delaware torna-se o primeiro estado norte-americano, após ter ratificado a Constituição americana.",-5774878412.0
631,"A Pensilvânia torna-se o segundo estado norte-americano, após ter ratificado a Constituição americana.",-5774878412.0
632,"Nova Jérsei torna-se o terceiro estado norte-americano, após ter ratificado a Constituição americana.",-5774878412.0
633,É assinada a Constituição dos Estados Unidos da América.,-5752500812.0
634,"Fim do reinado de Jigme Singye, Desi Druk do Reino do Butão, reinou desde 1776.",-5743342412.0
635,"Inicio do reinado de Druk Tendzin II, Desi Druk do Reino do Butão, reinou 1792.",-5743342412.0
636,"Um novo governador enviado por Portugal anunciou que haveria uma derrama, ou seja, a cobrança forçada dos impostos atrasados, um clima de revolta tomou conta da população.",-5743342412.0
637,Primeira edição do jornal inglês ''The Times''.,-5743342412.0
638,"A Geórgia torna-se o quarto estado norte-americano, após ter ratificado a Constituição americana.",-5743256012.0
639,"Connecticut torna-se o quinto estado norte-americano, após ter ratificado a Constituição americana.",-5742651212.0
640,Desembarque dos primeiros colonos ingleses na actual Sydney.,-5741182412.0
641,"Massachusetts torna-se o sexto estado norte-americano, após ter ratificado a Constituição americana.",-5740232012.0
642,"Maryland torna-se o sétimo estado norte-americano, após ter ratificado a Constituição americana.",-5733147212.0
643,"Carolina do Sul torna-se o oitavo estado norte-americano, após ter ratificado a Constituição americana.",-5730987212.0
644,"New Hampshire torna-se o nono estado norte-americano, após ter ratificado a Constituição americana.",-5728481612.0
645,"Virgínia torna-se o décimo estado norte-americano, após ter ratificado a Constituição americana.",-5728136012.0
646,"Nova Iorque torna-se o décimo-primeiro estado norte-americano, após ter ratificado a Constituição americana.",-5725457612.0
647,"Ocorre a Inconfidência Mineira na então capitania de Minas Gerais, no Brasil.",-5711720012.0
648,Primeiras eleições nacionais nos Estados Unidos.,-5711201612.0
649,George Washington é eleito o primeiro presidente dos Estados Unidos por unanimidade.,-5708782412.0
650,"Entra em vigor a Constituição dos Estados Unidos, a partir de declaração do Congresso, na cidade de Nova Iorque.",-5706363212.0
651,Joaquim Silvério dos Reis delata os conjurados ao Visconde de Barbacena.,-5705412812.0
652,Fletcher Christian inicia o Motim da Bounty.,-5701611212.0
653,Abertura da reunião do Estados Gerais na França.,-5701006412.0
654,A assembleia dos Estados Gerais reuniu-se para debater a situação do país.,-5701006412.0
655,Tem início a Revolução Francesa (que se estende até 9 de novembro de 1799).,-5701006412.0
656,Populares da cidade de Paris saíram às ruas saqueando depósitos de armas e de alimentos. Queda da Bastilha,-5694958412.0
657,"A Assembleia Nacional Contituente aboliu a servidão, os dízimos e os privilégios do clero e da nobreza, pondo fim ao que restava do feudalismo na França.",-5693144012.0
658,A Assembleia aprovou a Declaração dos Direitos do Homem e do Cidadão.,-5691243212.0
659,Criada a Carta dos Direitos dos Estados Unidos.,-5688651212.0
660,"Carolina do Norte torna-se o 12º estado norte-americano, após ter ratificado a Constituição americana.",-5683726412.0
661,"Fundação da Cidade de Viçosa, Alagoas, no Brasil. O seu fundador foi Manoel Francisco (? - 1839).",-5680184012.0
662,Japão faz contrato com a Alemanha para um ajudar o outro em caso de guerra.,-5680184012.0
663,"Rhode Island torna-se o 13º estado norte-americano, após ter ratificado a Constituição americana.",-5667396812.0
664,Celebra-se em Paris a Festa da Federação.,-5663422412.0
665,"A assinatura do ''Residence Act'' dá ao então presidente americano, George Washington, o poder de escolher o local onde seria construída a nova capital americana.",-5663249612.0
666,O rei Frederico VI da Dinamarca casa-se com a landegravina Maria Sofia de Hesse-Cassel.,-5661953612.0
667,A Assembleia Nacional aprovou uma Contituição que incorporou a perda dos privilégios do clero e da nobreza e limitou o poder do rei.,-5648648012.0
668,"Ratificada a Carta dos Direitos dos Estados Unidos, que é composta por dez emendas constitucionais que garantem vários direitos civis e liberdades fundamentais.",-5648648012.0
669,Vermont torna-se o 14º estado norte-americano.,-5643291212.0
670,"A primeira das quarenta pedras delimitadoras do novo Distrito de Columbia é colocado no Jones Point Light, em Alexandria, na Virgínia.",-5639144012.0
671,setembro - Foi promulgada a primeira Constituição da França que resumia as realizações da Revolução Francesa.,-5639144012.0
672,"Fundação de Washington, D.C., a capital dos Estados Unidos.",-5626961612.0
673,"Criação de uma cadeira de gramática latina no Convento de São Francisco, Vila do Porto, ilha de Santa Maria, Açores.",-5620395212.0
674,"Fim do reinado de Druk Tendzin II, Desi Druk do Reino do Butão, reinou desde 1788.",-5617112012.0
675,"Inicio do primeiro reinado de Tashi Namgyal, Desi Druk do Reino do Butão, reinado que terminou em 1799.",-5617112012.0
676,"enchente de mar atinge as Velas. quot''tão impetuosa a bravura do mar''quot que derrubou a muralha de protecção, destruiu uma casa e danificou outras, ameaçando atingir a praça defronte da Matriz de Velas, a Igreja de São Jorge.",-5615211212.0
677,"Em Portugal, o príncipe D. João, futuro D. João VI, assume a governação, em nome de sua mãe a rainha D. Maria I.",-5613656012.0
678,"A França declara guerra a Áustria, começam as guerras revolucionárias francesas.",-5613656012.0
679,"1ª execução através da Guilhotina em França (este instrumento, da autoria do Monsieur Guilhotin, foi muito criticado pela direita conservadora por ser excessivamente benevolente para com os condenados à morte).",-5613656012.0
680,ampquotLa Marseillaiseampquot (hino nacional francês) é composta por Claude Joseph Rouget de Lisle.,-5613656012.0
681,"Execução, através do enforcamento, no Rio de Janeiro no Campo da Lampadosa, da sentença de morte de Joaquim José da Silva Xavier conhecido como Tiradentes, decorrente do seu envolvimento com a Inconfidência Mineira que se instauraria em Minas Gerais.",-5613656012.0
682,Kentucky torna-se o 15º estado norte-americano.,-5603979212.0
683,"Populares juntaram-se ao exército francês, com isso, ganhou forças para vencer os estrangeiros na Batalha de Valmy.",-5594388812.0
684,"Início da construção da Casa Branca em Washington, D.C., Estados Unidos, com a colocação da pedra angular pelo arquiteto James Hoban.",-5592401612.0
685,"Fundação da Real Academia de Artilharia, Fortificação e Desenho, primeira escola de engenharia das Américas e terceira do mundo. Seus atuais descendentes são a Escola Politécnica da Universidade Federal do Rio de Janeiro (Poli) e o Instituto Militar de Engenharia (IME).",-5586785612.0
686,"Primeiro Círio de Nossa Senhora de Nazaré, em Belém do Pará.",-5563889612.0
687,Jacquel-Louis David pinta a obra ampquotMarat Assassinatoampquot,-5563889612.0
688,Posse do governo interino dos Açores por falecimento do capitão-general Dinis Gregório de Melo Castro e Mendonça.,-5563889612.0
689,"Terramoto na ilha das Flores, Açores.",-5563889612.0
690,"Em janeiro, o rei Luís XVI foi executado em praça pública, sob chuva de aplausos dos populares.",-5563889612.0
691,Fundação do Museu do Louvre.,-5563889612.0
692,"Assinados tratados no contexto das Guerras da Revolução com origem na revolução francesa. A 26 de Setembro de 1793 assinou-se, em Londres, o tratado de mútuo auxílio entre Portugal e a Inglaterra, sendo plenipotenciários D. João de Almeida Melo e Castro e lord Grenville. A convenção com a Espanha foi firmada em Madrid, a 15 de Julho do referido ano de 1793.",-5563889612.0
693,Batalha de Courtrai.,-5542721612.0
694,Foram assassinadas dezassete Carmelitas de Compiègne fruto das acções da revolução francesa.,-5536932812.0
695,Johan Gadolin descobre o elemento Ítrio.,-5536932812.0
696,Conjuração Carioca,-5536932812.0
697,Pamplona é cercada por tropas napoleónicas mas não conseguem entrar na cidade.,-5536932812.0
698,"Fundação do Império do Divino Espírito Santo da Rua de cima de São Pedro, São Pedro, Angra.",-5522417612.0
699,"Uma nova Costituição, manteve a república, restabeleceu o voto censitário.",-5522417612.0
700,"Terceira Partilha da Polônia entre Áustria, Prússia e Rússia.",-5496843212.0
701,Jebediah Springfield funda a cidade de Springfield (Os Simpsons).,-5490881612.0
702,"Edward Jenner inventa a primeira vacina, a ''quotvacciniaquot'' contra a varíola.",-5479304012.0
703,Tennessee torna-se o 16º estado norte-americano.,-5477748812.0
704,"Na Rússia sobe ao poder o czar Paulo I após a morte da sua mãe, a Imperatriz Catarina, a Grande.",-5464097612.0
705,"//www.acores.com/sjorge/index.htm"">http://www.acores.com/sjorge/index.htm</a> São Jorge - Açores.",-5459259212.0
706,"Todos os detentores de bens da Coroa portuguesa e os herdeiros de morgados ou capelas passam a ter que servir no Exército ou na Marinha, sob pena de devolução dos bens.",-5454680012.0
707,Antônio Manuel de Mello e Castro de Mendonça tomou posse do governo de São Paulo sendo o Décimo quarto Capitão General da Capitania.,-5443880012.0
708,O povoado de Araritaguaba antigo porto das Monções portuguesas é elevada a Vila Chamada Porto Feliz.,-5434635212.0
709,Luxemburgo é anexado pela França.,-5434289612.0
710,Alessandro Volta descobre a eletricidade.,-5427723212.0
711,Napoleão Bonaparte,-5427723212.0
712,Julho -  invade o Egito.,-5427723212.0
713,Prende o Papa.,-5427723212.0
714,Anexação de Genebra,-5427723212.0
715,Thomas Malthus publica sua teoria demográfica.,-5427723212.0
716,"Por meio de dezenas de castazes espalhados por Salvador e dirigidos ao ''magnífico povo baiano'', os rebeldes exigiram: a proclamação de uma república, a abertura dos portos brasileiros a todas as nações, o fim do preconceito racial, a diminuição dos impostos e o aumento dos salários.",-5408456012.0
717,"Outro movimento que teve o objetivo de independência foi a Conjuração Baiana, ocorrida em Salvador.",-5408456012.0
718,"Existência de referência documentais à Capela de São Sebastião, ilha de São Jorge, que se sabe ser de data anterior e onde esteve instalada a Ordem Terceira de Nossa Senhora do Carmo.",-5396187212.0
719,"//xpto-contratos.blogspot.com/2009/03/imperios-por-ordem-de-antiguidade.html"">http://xpto-contratos.blogspot.com/2009/03/imperios-por-ordem-de-antiguidade.html</a> Impérios da Terceira por ordem de antiguidade.",-5396187212.0
720,"//www.acores.com/sjorge/index.htm"">http://www.acores.com/sjorge/index.htm</a> Ilha de São Jorge - Açores.",-5396187212.0
721,"O príncipe herdeiro João de Bragança torna-se regente de Portugal, dada a incapacidade governativa de sua mãe, Maria I de Portugal.",-5396187212.0
722,Alessandro Giuseppe Antonio Anastasio Volta descobre a pilha.,-5396187212.0
723,"Nomeação de D. Lourenço José Boaventura de Almada, conde de Almada, no cargo de capitão-general dos Açores, foi o (3.º capitão-general).",-5396187212.0
724,"Fim do primeiro reinado de Tashi Namgyal, Desi Druk do Reino do Butão, reinou desde 1792.",-5396187212.0
725,"Inicio do reinado de Druk Namgyal, Desi Druk do Reino do Butão, reinou até 1803.",-5396187212.0
726,Van Menegl (O Sombrio) finalizado o Livro Branco que da origem ao Hyprio.,-5396187212.0
727,"Napoleão captura Jaffa na Palestina e ordena a execução de 2,000 prisioneiros de guerra.",-5390571212.0
728,A escravatura é abolida no estado de Nova York.,-5388670412.0
729,O Capitão francês Pierre François Xavier Bouchard descobre a Pedra de Roseta.,-5379339212.0
730,"Por ordem da rainha de Portugal, D. Maria I, os soldados Lucas Dantas e Luís Gonzaga das Virgens e os alfaiates João de Deus e Manoel Faustino foram enforcados e esquartejados na Praça da Piedade, em Salvador.",-5369316812.0
731,Napoleão derruba o Directório e torna-se primeiro consul da República considerada a data do fim da Revolução Francesa.,-5369230412.0
732,"Em 10 de novembro- 18 Brumário, degundo o calendário republicano, Bonaparte tomou o poder.",-5369230412.0
733,A população mundial atinge o primeiro bilhão de pessoas.,-5364651212.0
734,Alessandro Volta inventa a bateria eléctrica.,-5364651212.0
735,É eleito o Papa Pio VII.,-5364651212.0
736,"É inaugurada a Biblioteca do Congresso dos Estados Unidos em Washington, DC.",-5364651212.0
737,"Johann Wilhelm Ritter, físico alemão, observa os efeitos químicos da electricidade.",-5364651212.0
738,"Tremores de terra na ilha Terceira, Açores.",-5364651212.0
739,"O Conde de Almada, Lourenço José Boaventura de Almada, 3º capitão-general dos Açores, envia a todas as câmaras Municipais das ilhas dos Açores a cópia da carta Régia, pela qual o príncipe do Brasil, D. João VI de Portugal se havia declarado regente de Portugal, durante a loucura de sua mãe D. Maria I de Portugal.",-5364651212.0
